scientificName
Caulanthus amplexicaulis
Caulanthus amplexicaulis var.
Caulanthus anceps
Caulanthus cooperi
Caulanthus coulteri
Caulanthus coulteri var. coulteri
Caulanthus coulteri var. lemmonii
Caulanthus hallii
Caulanthus heterophyllus
Caulanthus heterophyllus var.
Caulanthus heterophyllus var. heterophyllus
Caulanthus heterophyllus var. pseudosimulans
Caulanthus inflatus
Caulanthus lemmonii
Caulanthus simulans
Streptanthus albidus subsp. peramoenus
Streptanthus barbatus
Streptanthus breweri
Streptanthus breweri var. breweri
Streptanthus breweri var. hesperidis
Streptanthus cordatus
Streptanthus cordatus var. cordatus
Streptanthus cordatus var. piutensis
Streptanthus diversifolius
Streptanthus drepanoides
Streptanthus glandulosus
Streptanthus glandulosus subsp. glandulosus
Streptanthus glandulosus subsp. pulchellus
Streptanthus glandulosus subsp. secundus
Streptanthus inflatus
Streptanthus insignis
Streptanthus insignis subsp. insignis
Streptanthus morrisonii
Streptanthus niger
Streptanthus polygaloides
Streptanthus tortuosus
Streptanthus tortuosus subsp. truei
Streptanthus tortuosus var.
Streptanthus tortuosus var. orbiculatus
Streptanthus tortuosus var. suffrutescens
Streptanthus tortuosus var. tortuosus
