scientificName,species
Caulanthus amplexicaulis,c_amplexicaulis
Caulanthus amplexicaulis var.,c_amplexicaulis
Caulanthus anceps,c_anceps
Caulanthus cooperi,c_cooperi
Caulanthus coulteri,c_coulteri
Caulanthus coulteri var. coulteri,c_coulteri
Caulanthus coulteri var. lemmonii,c_coulteri
Caulanthus hallii,c_hallii
Caulanthus heterophyllus,c_heterophyllus
Caulanthus heterophyllus var.,c_heterophyllus
Caulanthus heterophyllus var. heterophyllus,c_heterophyllus
Caulanthus heterophyllus var. pseudosimulans,c_heterophyllus
Caulanthus inflatus,c_inflatus
Caulanthus lemmonii,c_lemmonii
Caulanthus simulans,c_simulans
Streptanthus albidus subsp. peramoenus,s_glandulosus
Streptanthus barbatus,s_barbatus
Streptanthus breweri,s_breweri
Streptanthus breweri var. breweri,s_breweri
Streptanthus breweri var. hesperidis,s_breweri
Streptanthus cordatus,s_cordatus
Streptanthus cordatus var. cordatus,s_cordatus
Streptanthus cordatus var. piutensis,s_cordatus
Streptanthus diversifolius,s_diversifolius
Streptanthus drepanoides,s_drepanoides
Streptanthus glandulosus,s_glandulosus
Streptanthus glandulosus subsp. glandulosus,s_glandulosus
Streptanthus glandulosus subsp. pulchellus,s_glandulosus
Streptanthus glandulosus subsp. secundus,s_glandulosus
Streptanthus inflatus,c_inflatus
Streptanthus insignis,s_insignis
Streptanthus insignis subsp. insignis,s_insignis
Streptanthus morrisonii,s_morrisonii
Streptanthus niger,s_glandulosus
Streptanthus polygaloides,s_polygaloides
Streptanthus tortuosus,s_tortuosus
Streptanthus tortuosus subsp. truei,s_tortuosus
Streptanthus tortuosus var.,s_tortuosus
Streptanthus tortuosus var. orbiculatus,s_tortuosus
Streptanthus tortuosus var. suffrutescens,s_tortuosus
Streptanthus tortuosus var. tortuosus,s_tortuosus